,Name,Avg_Loss,Min_Loss,Max_Loss,Avg_Iters,Min_Iters,Max_Iters,Avg_Prec,Min_Prec,Max_Prec,Avg_Recall,Min_Recall,Max_Recall
0,single_layer_20,1.9656737591634672,1.4648835647844587,2.3010120767613245,65.25,32.0,102.0,0.18395829932116703,0.01095,0.4553977094953946,0.21302762179377185,0.1,0.37904649371997046
