,Model,Average Loss,Average Precision,Average Recall
0,Single_Layer_2,1.4522736072540283,0.6363755464553833,0.40002499520778656
1,Single_Layer_3,1.4533188045024872,0.6380829364061356,0.3872000053524971
2,Single_Layer_4,1.5003207921981812,0.6276286095380783,0.3402250036597252
3,Single_Layer_5,1.4643650650978088,0.6312239617109299,0.3507000058889389
4,Single_Layer_6,1.5147355198860168,0.631210207939148,0.3052249997854233
