,Model,Average Loss,Average Precision,Average Recall
0,Single_Layer_2,1.6236470937728882,0.621654599905014,0.5095250010490417
1,Single_Layer_3,1.7332980334758759,0.6057023257017136,0.5031750053167343
2,Single_Layer_4,1.8524243831634521,0.6006707549095154,0.5063000023365021
3,Single_Layer_5,1.7462575137615204,0.6001052111387253,0.45500000566244125
4,Single_Layer_6,1.623339831829071,0.6069866865873337,0.43450000137090683
