,Model,Average Loss,Average Precision,Average Recall
0,Single_Layer_2,2.3025853633880615,0.0,0.0
1,Single_Layer_3,2.3025853633880615,0.0,0.0
2,Single_Layer_4,2.3029051423072815,0.0,0.0
3,Single_Layer_5,2.3025853633880615,0.0,0.0
