,Model,Average Loss,Average Precision,Average Recall
0,Single_Layer_20,2.287738871574402,0.10097588896751404,0.000983333308249712
1,Single_Layer_40,2.290089154243469,0.040287768840789794,0.0009333333000540733
2,Single_Layer_60,2.2896038055419923,0.040689656138420106,0.000983333308249712
3,Single_Layer_80,2.2953718662261964,0.03333333432674408,5.0000002374872565e-05
4,Single_Layer_100,2.3026084184646605,0.05,3.333333297632635e-05
5,Single_Layer_120,2.271777033805847,0.17208288609981537,0.0012666666589211673
